F_abs,tp,Te_peak,Tl_peak,melted,energy_error,t_Tl_peak
574.1749384608547,6.016698001156154e-14,18343.60969014966,812.6290750321677,0,-0.0005910578634252451,2.207127582348552e-11
2060.4885905533442,1.1826628339712816e-13,30952.304311929696,1897.7677623336626,1,-0.00018118428194294548,4.021927582348594e-11
487.28535173093974,3.7978864461255896e-13,11859.266930396052,754.9979104615602,0,-9.185962933519925e-06,2.133927582348557e-11
148.58337820883924,1.5487983459989566e-13,7814.659040086025,465.5501006449594,0,-6.606066452029583e-05,1.3439275823485622e-11
532.361482840352,1.3096850881380721e-12,9477.305576431692,814.4156899192363,0,3.127553013659837e-06,2.4519275823485795e-11
469.1770197243183,7.163002921359739e-13,10153.44969417519,749.0680618537073,0,2.0421553264242124e-06,2.1857275823485755e-11
180.4773419392334,2.443919124562642e-13,7858.395829672744,496.00374159904595,0,-1.94341164800613e-05,1.457727582348564e-11
730.8619055228261,1.3232927002353928e-13,17964.333835052417,934.8959477768876,0,-0.00013467123431524464,2.4653275823485474e-11
290.9562099948134,1.0689259517723063e-13,11764.374555145243,588.678362456306,0,-0.00017898518108763373,1.6901275823485604e-11
93.35887410880555,5.398492353934693e-13,4728.890007411853,416.59751722610434,0,9.389233136117937e-06,1.2649275823485745e-11
167.7759505076993,9.972140452383429e-14,9039.359062663956,482.13119305926045,0,-0.00018629531397771745,1.3909275823485631e-11
251.32613592659658,7.735518293892043e-14,11597.869872349704,554.6084573639304,0,-0.00033481006345817486,1.5975275823485618e-11
54.681737204924055,1.223786219684733e-12,2917.676131019033,378.9696547803836,0,4.518235571036633e-06,1.29032758234861e-11
2482.2548443356623,2.618828544825022e-13,29326.692383274567,2208.014388335878,1,-4.008542573743871e-05,4.443127582348614e-11
838.145569152842,9.036831794503986e-14,20650.68608871063,1013.5145177623141,0,-0.0002819883784361353,2.610327582348545e-11
119.77950429432224,1.891904256975986e-13,6736.148389570408,438.9897016401498,0,-3.4411887021983154e-05,1.2645275823485609e-11
2403.4262049195568,3.4905618740126526e-13,27302.500841028756,2159.4942027690117,1,-2.1835455663047255e-05,4.385527582348614e-11
1143.7244633161956,4.353507766319411e-13,17839.837771573893,1255.9868583886696,0,-1.0487285159248206e-05,3.087327582348556e-11
233.0726324861974,6.526166849922924e-14,11508.242697157677,538.7366283321988,0,-0.00046491312003769274,1.5501275823485627e-11
178.37362782681498,2.4058095146925544e-13,7837.511030546313,494.0479476334772,0,-2.0360015412613268e-05,1.4503275823485637e-11
1674.4241767779176,1.3548871458898408e-13,27181.91233098199,1624.136294857368,1,-0.00013924683680777416,3.627327582348575e-11
121.45032486766003,5.140870716637835e-13,5469.136621328921,444.3479720029999,0,7.5881708963041635e-06,1.3545275823485744e-11
59.02851030931446,7.078232635076318e-13,3505.0263928542286,381.21852142041973,0,1.0269861320893534e-05,1.1657275823485823e-11
197.37783134469746,8.887344201892504e-14,10018.604525495912,508.2786064966523,0,-0.0002442331920767989,1.464327582348564e-11
390.2337453176598,1.1042604581376644e-12,8369.754792262942,692.2251635288223,0,4.06808069511462e-06,2.1435275823485983e-11
832.7203644430265,2.2155284396887518e-13,17370.61602628321,1015.161751345491,0,-4.8243177304790376e-05,2.6289275823485447e-11
1906.7266150923913,3.2103198460755976e-13,24634.831974975852,1803.0968608239405,1,-2.53273286867974e-05,3.9037275823485887e-11
78.52696408421897,1.5739030034931495e-13,5653.612239096389,397.84994534018773,0,-4.797362345408254e-05,1.1055275823485583e-11
438.08982123336256,6.204251767423566e-13,10113.648554427127,721.5701107568235,0,1.2252165164180784e-06,2.1083275823485713e-11
569.6516948892943,1.8757064149368178e-12,9042.283132776049,858.0511607605233,0,2.6581139155259844e-06,2.6665275823484663e-11
1170.0532636415944,1.6049034340077625e-13,21964.662781047075,1261.5151103506741,0,-9.788694038378498e-05,3.0573275823485475e-11
289.2539245977242,8.106211778598253e-13,7690.919674137637,600.8674240084415,0,4.885042974301447e-06,1.862327582348586e-11
1613.9007919401627,1.2888904047209694e-12,17164.664026446142,1649.0946097645763,1,5.35945918012499e-07,3.82432758234862e-11
2240.8838716631867,9.707104220983678e-14,33463.06232209395,2023.7095564038423,1,-0.00026065470850146526,4.189327582348602e-11
267.8331019803137,7.879800400448958e-13,7439.257442016117,581.8777489591359,0,5.1697890817047e-06,1.8137275823485857e-11
261.2780722120732,5.95142934210498e-14,12382.24006056938,562.5720561279218,0,-0.000564359172242472,1.6167275823485614e-11
802.4458359615599,3.635298003563689e-13,15433.837644910916,998.0359198697623,0,-1.458464417127213e-05,2.6191275823485482e-11
226.31580851771906,8.160058929144426e-13,6764.191430261713,545.5724066094742,0,5.995603685335862e-06,1.720727582348589e-11
1109.4029538697262,1.0013475856823609e-12,14804.125338832893,1255.7462707406332,0,6.099354625889961e-07,3.1819275823485934e-11
987.9720642497292,9.372894086238931e-14,22285.07686247922,1124.6188648150307,0,-0.00026669641631359907,2.8123275823485418e-11
2608.4261837456343,7.011578309923589e-13,24928.169088658127,2335.8764686525597,1,-3.900605651538969e-06,4.641727582348646e-11
308.6149240913637,5.724441103785019e-13,8599.012928703183,613.2304707651249,0,2.476025175871241e-06,1.844527582348573e-11
1457.0445018850269,6.448749192959445e-13,18679.199086611254,1497.5288200879295,1,-3.5690423885567586e-06,3.497927582348588e-11
713.4698935158649,5.166932804750073e-13,13513.84897818021,935.7069371766393,0,-4.003384459811844e-06,2.5261275823485585e-11
66.86266849061907,9.516875395151183e-13,3466.373311058234,391.39729099187065,0,7.976808793617042e-06,1.267127582348598e-11
82.07655588093421,1.8558777761312929e-13,5591.386658576293,401.77368651040774,0,-2.8908173741896296e-05,1.1273275823485586e-11
697.9446095928082,1.1784527808384058e-12,11197.155424471428,944.1736248241085,0,2.3001869362344562e-06,2.6731275823485933e-11
276.00163032806114,7.495674662614242e-13,7642.51867132165,588.3697989143677,0,4.876572996645389e-06,1.8207275823485834e-11
116.62844076475484,4.0381823272889637e-13,5656.989354701203,438.47636854724277,0,5.0179160237947186e-06,1.3083275823485673e-11
919.4350802855538,5.822771052615797e-13,15021.607453518136,1094.9776683901932,0,-3.2794336005554476e-06,2.8353275823485572e-11
761.593578586673,1.1269694615543196e-12,11839.802202078417,992.7741381095975,0,1.9801301540955638e-06,2.7521275823485892e-11
58.308218046049255,1.3960004928492708e-13,4986.540396616242,376.4432269849466,0,-5.923351632776979e-05,1.014727582348557e-11
97.97787220827463,1.0856382715251473e-13,6791.958686361512,416.79991126778833,0,-0.00013593753159385277,1.1711275823485595e-11
116.16534452476377,8.195278413032266e-13,4788.739942993314,442.0835923376583,0,8.502578871209233e-06,1.4177275823485928e-11
293.22375181169065,1.9896263821864315e-13,10469.468672176403,592.7132688664561,0,-4.555746382150664e-05,1.7153275823485594e-11
75.89314442716393,3.0516358331974724e-13,4840.164825316253,396.5375575348355,0,2.5317153186863907e-06,1.1341275823485588e-11
1393.2935189256564,1.6809164075780385e-12,15029.750418405596,1501.8854090263685,1,1.1033464573849207e-06,3.684527582348538e-11
423.2136481460405,9.870119642648159e-13,8959.993255199457,717.439876066819,0,3.6904746363608703e-06,2.1733275823485916e-11
52.71214340199065,2.3122984101268767e-13,4275.020488071989,371.0787185300546,0,-4.670363499129093e-06,1.0097275823485568e-11
148.02874021864335,8.267908028493365e-13,5415.3305274833,473.31020201618054,0,7.709897362912316e-06,1.5171275823485927e-11
153.18534713718967,1.515075422529601e-12,4731.32577473583,485.0567276020927,0,4.890583859017166e-06,1.7201275823485518e-11
650.3048639188047,4.926194745428565e-13,13015.188879262521,886.1477787263666,0,-4.395972474581842e-06,2.4265275823485587e-11
790.0767032198938,1.0995322653212456e-12,12135.825212175254,1014.187726518085,0,1.824665866163744e-06,2.7857275823485873e-11
229.73829806956195,1.0330952148429977e-13,10514.663429309265,536.7421219717248,0,-0.00018408772191965447,1.5479275823485625e-11
1027.7507410569701,3.985357633556909e-13,17191.99164895742,1168.3285932355404,0,-1.2728003964023195e-05,2.9301275823485465e-11
460.950793120447,7.506398912418282e-14,15808.232825731568,725.1354576131456,0,-0.00038048121281872326,2.016127582348555e-11
1500.4853564683553,1.9010663451671661e-13,24122.924393658654,1502.7439608832726,1,-7.226168256227297e-05,3.450127582348566e-11
74.82381702659357,1.1455929076605382e-13,5872.536065833152,393.58702481031224,0,-0.00011035823980042624,1.079727582348558e-11
104.7589556890615,2.5481099840340306e-13,5919.806019800955,425.2171991450331,0,-8.958941889492571e-06,1.2289275823485602e-11
143.85628879786864,1.260527742970339e-13,8004.102361871413,460.73212208877,0,-0.00010711642326268001,1.326727582348562e-11
1163.7503608838658,3.1798848327658207e-13,19170.33779934564,1264.985599410035,0,-2.333811616374e-05,3.081727582348549e-11
516.770323652798,6.7358687929451e-14,17064.087130835214,768.5308845266429,0,-0.0004726734024099641,2.1115275823485532e-11
340.9823325078874,3.805852691763189e-13,9883.834858856178,636.4827166627254,0,-6.0665947172150725e-06,1.8593275823485617e-11
191.40960037022933,6.200967553215914e-14,10520.178988974149,502.44883297797105,0,-0.0005020702095404482,1.443327582348564e-11
145.57835836668445,4.576379545709249e-13,6157.758575841504,466.8314919334343,0,5.1268979784974185e-06,1.415527582348572e-11
804.8657222285824,1.985257820165983e-13,17445.84791146233,993.3105103851475,0,-6.0448832335375205e-05,2.5851275823485454e-11
369.16816287670554,5.233284005174473e-14,15052.229622204959,651.212922920183,0,-0.0007485294450477722,1.8423275823485577e-11
141.86475607169447,1.0935368986497168e-13,8167.02558882785,458.6217613041422,0,-0.00014702033417416163,1.3167275823485618e-11
108.60116290626566,5.192612902559192e-13,5154.182489556655,431.7571110526649,0,8.352434135403915e-06,1.312527582348574e-11
138.05228852616838,8.354225780093255e-14,8469.210729249071,454.6613243833087,0,-0.00026063965060902576,1.2961275823485615e-11
112.45332690066336,3.2394748591557846e-13,5828.573790969825,433.52785684159903,0,1.7245097757516855e-07,1.2753275823485621e-11
224.88965629889591,5.989263039110101e-13,7238.017088632815,541.1364325156029,0,4.831647415503016e-06,1.6603275823485774e-11
691.3246495140133,7.41884329480522e-14,19416.88055519481,902.5826435759072,0,-0.0004029003639818009,2.3955275823485487e-11
937.7626487694677,4.539245289372401e-13,15973.70988762492,1103.5483186599822,0,-8.332870135778584e-06,2.82832758234855e-11
132.0503662594945,5.961231265372249e-13,5516.753259993839,455.4956891817116,0,7.91728911391856e-06,1.4087275823485799e-11
860.8199063884994,4.4757762634348757e-13,15331.260357770407,1045.4072452573191,0,-8.229751956298027e-06,2.7195275823485516e-11
101.82883075047138,1.3390102790152055e-12,3942.9186010161616,431.5733204673327,0,5.461582733832013e-06,1.5095275823485895e-11
2512.8981643628995,6.806708503709658e-14,37716.5257842041,2212.717860980248,1,-0.0005001027503472536,4.436927582348614e-11
346.2682453996453,6.823949189500574e-13,8774.226547407845,647.1050736385478,0,3.259393890896487e-06,1.9505275823485773e-11
161.5239664412583,5.726738214481542e-14,9795.422568370632,475.6692917509533,0,-0.0005770443199100787,1.3603275823485626e-11
1363.2977085142986,1.7380838507746682e-13,23374.384109161012,1402.696531243238,1,-8.523613339236566e-05,3.2903275823485585e-11
219.1732938105491,2.1801736410708923e-13,8873.883501102588,529.8429950879511,0,-3.143179539117816e-05,1.5519275823485623e-11
50.73111321763836,1.1182157115667526e-13,4855.944331314678,367.9387718418344,0,-0.00010280306658214813,9.731275823485564e-12
647.3456589016224,1.527716630878687e-13,16442.21467458676,872.2801506244346,0,-9.946174797372604e-05,2.3427275823485494e-11
103.99597150834059,2.785350119747442e-13,5787.639371544965,424.72970505145724,0,-4.517712064763889e-06,1.2331275823485602e-11
64.77756575437677,1.3704178243020352e-13,5276.014701913842,383.32985219258245,0,-6.543968442084657e-05,1.0433275823485574e-11
238.61964169940927,1.2240576501051697e-13,10379.634951454187,544.7862128936732,0,-0.00012976524171567694,1.5745275823485623e-11
467.05573813000603,3.327273678011674e-13,11930.260897487733,737.6177634053392,0,-1.3880148983006403e-05,2.0857275823485552e-11
1641.6360564936144,1.2834039813284756e-13,27182.7195913965,1600.1926967331335,1,-0.0001537468489535778,3.593127582348573e-11
220.54001427235985,1.43451376420212e-12,5819.223844012981,548.3348276953811,0,5.010785673043225e-06,1.876727582348565e-11
55.27301726426323,1.6392301948319357e-12,2696.3429333632766,381.5667462897907,0,1.3724925179996823e-06,1.4095275823485314e-11
62.571767510078224,7.262653288551162e-14,5843.962526530966,380.3416690695767,0,-0.0003004298092583326,1.0195275823485571e-11
1955.8437818726807,6.003127906524801e-14,33961.0390453992,1818.8756336828274,1,-0.0006271718388343688,3.907127582348589e-11
122.6327261395823,1.3936097868966367e-13,7244.907634861003,441.03628547644564,0,-8.021385332583852e-05,1.2597275823485609e-11
2990.3109147206596,4.2336572201517657e-13,29462.48825898754,2582.3194809500806,1,-1.4633632808999747e-05,4.9151275823486436e-11
55.9740447397553,6.285329834132843e-13,3512.260571498099,377.31854333026877,0,1.0953008111022435e-05,1.1331275823485772e-11
598.6534882172381,1.938647953159951e-12,9216.572710836354,883.517755213123,0,2.5234332344793185e-06,2.7291275823484533e-11
1444.1152554507078,7.555856076732423e-13,18009.89006819299,1494.0352544603222,1,-1.8282515674351758e-06,3.509327582348595e-11
401.29520314169844,6.639139946445905e-13,9524.59526632519,692.453748010004,0,2.2878912365392764e-06,2.0493275823485747e-11
1230.9313006701818,1.081849015287106e-12,15392.465540760873,1351.1181863157428,1,6.260128541991975e-07,3.345127582348605e-11
1704.8668676792647,1.0640649349485459e-12,18359.90817441833,1704.0951818063577,1,-1.1648611561432706e-07,3.86452758234863e-11
956.7411836042432,1.414501261132472e-12,12725.469197856388,1154.6443276810598,0,1.6983804774768367e-06,3.094727582348561e-11
2769.4899674213084,1.3070847037119297e-13,35302.43638776562,2398.783723117413,1,-0.00015214589525471372,4.6745275823486256e-11
716.6016653073596,1.1137774195917078e-12,11495.192808439693,957.0121293746365,0,2.1345563584722566e-06,2.68432758234859e-11
2079.8347724356818,8.460894528290553e-13,21337.315714529002,1965.2115105812877,1,-1.7381413886592203e-06,4.188727582348633e-11
338.8024162097167,6.884813753534196e-13,8659.08526315133,640.9464280702832,0,3.429657375512956e-06,1.934127582348578e-11
2314.774226731792,8.002053807396787e-13,22823.13089362182,2132.3271187898945,1,-2.373000567630053e-06,4.40112758234864e-11
1883.3791342331872,5.559398272238848e-13,21986.4087300539,1802.5799223750312,1,-6.635943510320647e-06,3.929527582348604e-11
87.91385127591718,1.9768319334278053e-12,3264.218324752731,420.6819356195247,0,1.290778237398582e-06,1.6421275823484636e-11
210.82149040055376,4.0682437009961153e-13,7629.610406539823,525.6880199702806,0,-1.5260494350252813e-08,1.5801275823485677e-11
823.2968168991766,1.0102668718038993e-13,20056.39333052672,1002.9317680704863,0,-0.00022829034374354166,2.5917275823485455e-11
2655.876367502671,1.4133663162648797e-13,34069.839287370356,2319.9202739339903,1,-0.00013153471263475691,4.5759275823486205e-11
783.3351697246702,4.148276831609334e-13,14838.003642554204,985.4896299481564,0,-9.810333741920428e-06,2.6049275823485514e-11
117.52555112949153,1.443279931995406e-13,7043.058712415113,436.2348483741877,0,-7.244131400312234e-05,1.2475275823485606e-11
96.87565672334621,1.8618409613170944e-12,3500.2798239747194,429.801372056585,0,2.1108419398609763e-06,1.638127582348486e-11
185.82542832448607,5.799902378508602e-14,10485.93202295185,497.42454605170894,0,-0.0005723003961826974,1.4307275823485638e-11
166.00221963355622,2.0756202329541652e-13,7791.310607030995,482.32405624069787,0,-3.124183585643556e-05,1.4105275823485632e-11
80.89907835098478,6.570029622393851e-13,4195.284907962596,404.61627605141234,0,1.0093087406733006e-05,1.2453275823485807e-11
999.3515809400545,3.6817298555888937e-13,17221.051654656345,1145.8527599270953,0,-1.5507349857459263e-05,2.886927582348544e-11
110.14556726392168,1.133220843801964e-13,7144.253091352056,428.71739019320756,0,-0.0001271915593505866,1.2139275823485603e-11
404.2831470462325,6.936698125107899e-13,9469.03841868404,695.5616130122963,0,2.5631464951127865e-06,2.062327582348576e-11
1652.5925946343102,5.368753815887636e-13,20685.130298292683,1634.0769778897197,1,-6.9136114561161174e-06,3.688127582348591e-11
1214.6038060316946,2.630550149962189e-13,20342.456032575854,1299.4461886179154,0,-3.599641643951457e-05,3.1339275823485506e-11
426.56837161529876,8.73425941173217e-14,14797.223128047472,698.34188594095,0,-0.00028177141790422213,1.9585275823485558e-11
412.3137081081021,1.4793269845656283e-12,8045.152486286023,717.9914939774852,0,3.6882560476193524e-06,2.2885275823485494e-11
1552.3083236229345,7.32823692457761e-14,29221.917020936173,1532.4927652492765,1,-0.0004313253309163802,3.484927582348568e-11
187.43542623148954,1.951095690120518e-13,8387.770526401517,501.4299862151772,0,-3.970655714005258e-05,1.4631275823485637e-11
1002.7208458674768,2.5820393453182777e-13,18519.957391539476,1143.368998496262,0,-3.602518955616814e-05,2.8659275823485405e-11
1592.4374134985737,4.72049019904659e-13,20816.40444207649,1586.4104104760409,1,-9.681520443993958e-06,3.6093275823485834e-11
769.603751034589,6.463700270198253e-14,20989.03326931084,961.0661805778806,0,-0.0005263235445316324,2.509727582348547e-11
658.4930294962791,1.95087306971786e-12,9690.513467842893,933.0780410563658,0,2.3536454995763866e-06,2.8215275823484492e-11
323.31875741837564,5.629051605474034e-13,8839.2870653602,625.4739043884466,0,2.0032662281047037e-06,1.8737275823485718e-11
188.78884447842574,9.923385900256482e-13,5877.405768586559,513.6199789627476,0,6.572722056048827e-06,1.6765275823485998e-11
2566.857645540549,7.247968014523647e-13,24562.787842548205,2308.0346263841184,1,-3.5016392445065055e-06,4.610927582348646e-11
163.07204468930755,1.852442647907898e-12,4632.233939266036,497.8895673894208,0,3.454223132141235e-06,1.8425275823484845e-11
822.3296797207732,6.666158567330243e-13,13784.462466388663,1024.4031916754354,0,-1.1094303748325396e-06,2.7209275823485636e-11
155.468347207531,3.402388187311039e-13,6794.902355222751,474.57541657447945,0,-1.7765683000324435e-06,1.4101275823485651e-11
386.9172481151859,5.324137508339758e-14,15365.197441169134,665.5258548317669,0,-0.0007263648531943143,1.8779275823485574e-11
431.67782227376745,1.3234279698786691e-12,8462.435741689942,731.3316958416933,0,3.7006837067992814e-06,2.2801275823485798e-11
133.03869373431885,7.301138997560601e-13,5280.31581597475,457.8435496681368,0,8.22244099034778e-06,1.4491275823485882e-11
67.6618982691179,4.3249396171544986e-13,4225.195789858011,388.8594837325412,0,9.844711201322548e-06,1.130527582348566e-11
2951.375278989162,1.4170691360954667e-13,35926.71244951917,2527.4111763918927,1,-0.0001313339143733328,4.8311275823486325e-11
50.23652507111244,1.6827540438846842e-13,4457.332779362758,367.85455504011736,0,-2.9375306654953786e-05,9.819275823485564e-12
429.0995603224096,1.3492611556442804e-13,13686.686185655273,701.8148375135381,0,-0.00011924898403459035,1.9719275823485554e-11
143.74309996595395,3.1186068972119455e-13,6653.796266507634,463.27368783551765,0,-3.873576816400931e-06,1.3681275823485628e-11
556.9257745954727,5.194944434242662e-14,18518.503858458604,798.9715820455638,0,-0.0007811488533784775,2.1771275823485525e-11
114.49277991723189,2.4652137075675327e-13,6234.44447623974,434.6166534653947,0,-1.212052469461921e-05,1.2639275823485607e-11
476.77629530973786,1.2157270092564677e-12,9094.783490140584,766.6245029958479,0,3.4445223113460023e-06,2.3305275823486e-11
234.38770012706726,5.7895703499434e-14,11782.679333601338,539.6756497168527,0,-0.0005891986616676052,1.5507275823485626e-11
358.75011331913083,6.503066147416748e-14,14296.209842710115,643.2197796747239,0,-0.0004896995960660397,1.825127582348558e-11
368.1116570661572,3.930515789259441e-13,10206.521268309569,659.149814121193,0,-5.773051510201831e-06,1.9169275823485615e-11
97.121213925504,9.00316398592592e-13,4265.206950504061,423.40956172211526,0,8.463027231136229e-06,1.3711275823485968e-11
349.42733438552165,2.380741188193756e-13,11031.814077656582,640.1959102884923,0,-3.092272181572517e-05,1.8439275823485575e-11
443.21943775176493,2.13744055994454e-13,12714.322535650605,715.3342781259563,0,-4.4185809419269245e-05,2.0143275823485546e-11
1302.4025550454103,1.6611124697943693e-13,23037.541699911715,1358.127696809863,1,-9.260897106062338e-05,3.215727582348555e-11
1941.974599537389,5.854709137964059e-13,22114.389371210324,1846.9641487806973,1,-5.804515584646919e-06,3.9973275823486084e-11
1347.2544735328927,3.6087966214814247e-13,20147.687306598316,1401.562312298857,1,-1.8014136381954955e-05,3.312527582348563e-11
1277.816918916261,6.934955992187635e-14,26750.679248350858,1334.636713930102,0,-0.00047326454128621484,3.172727582348553e-11
415.7440483736172,1.969505531629118e-12,7538.913954702641,729.8086231427737,0,3.0392305948387306e-06,2.427727582348452e-11
782.1271975029754,4.560505503605456e-13,14539.29388464626,986.0940161330684,0,-7.196876040284754e-06,2.6147275823485537e-11
1017.0421369916891,8.0001428350873e-14,23262.704135619228,1145.2695685452018,0,-0.0003587513544293143,2.8491275823485415e-11
1138.5732002685256,1.0724948312832756e-12,14796.30727764132,1280.866461716518,0,7.841811502307406e-07,3.2345275823485994e-11
536.1182992623415,4.641780613624274e-13,11937.764442023918,796.0177229786051,0,-4.4265778513495285e-06,2.2395275823485604e-11
242.44088499995246,1.9224678429371163e-12,5673.242299872791,574.488922908841,0,3.507780948565636e-06,2.0645275823484673e-11
126.06995142081577,3.1080247333264427e-13,6231.019576873922,446.53198507244986,0,-2.4863214086045507e-06,1.3175275823485619e-11
471.73834180015984,2.671124573862624e-13,12544.481718823952,739.5128438772601,0,-2.6089061085647063e-05,2.0813275823485533e-11
94.21587966866413,2.7579972244436687e-13,5517.746738249223,414.9784380433699,0,-3.6986596717681896e-06,1.1965275823485595e-11
100.23444009272326,1.340030775741447e-13,6597.3206171881275,419.3420736086713,0,-8.242917995952838e-05,1.1865275823485596e-11
133.5802696029649,2.1911804170102514e-13,6905.764489956014,452.49248598889346,0,-2.2758311283285513e-05,1.3175275823485616e-11
363.4219426895809,5.60210677188783e-13,9395.177491499011,658.9352742256386,0,1.2141267899126143e-06,1.9521275823485704e-11
1313.3071070523768,6.361823471270154e-13,17744.99162996329,1391.2059154980855,1,-3.415444953886232e-06,3.332727582348579e-11
160.11979169197122,5.700901423384714e-14,9761.15040658703,474.3923634271054,0,-0.0005811648665889306,1.3553275823485626e-11
281.37112038409543,5.006227349087852e-14,13234.817486892718,579.1528629508807,0,-0.0007973421184376904,1.6561275823485608e-11
312.15882199057603,5.1072832992357956e-14,13895.327478870306,604.7114570698777,0,-0.000773568462575587,1.7267275823485596e-11
92.78268178852012,3.4200542639826265e-13,5225.952736529043,414.20005822208043,0,3.6464446313212654e-06,1.211327582348562e-11
634.4331330269825,2.6013006794009866e-13,14656.709593044774,866.2096620251783,0,-3.119404792205632e-05,2.347127582348549e-11
90.87946733771675,1.2374841240530887e-13,6378.578522068651,409.9590964623452,0,-9.721762035644114e-05,1.145327582348559e-11
505.1740695735051,3.20708607679332e-13,12510.427419309168,767.4981629348023,0,-1.6293187497894497e-05,2.1485275823485533e-11
2028.2061037437961,3.564585916921404e-13,24916.969706132815,1892.599023515612,1,-2.031445188754591e-05,4.029927582348597e-11
86.26111635167207,4.448973944161003e-13,4749.025422792302,408.4969334620607,0,8.590063867899477e-06,1.2129275823485682e-11
63.59302220453402,2.724114875984052e-13,4537.129927137178,383.2521425476823,0,5.493766515560073e-07,1.0745275823485577e-11
74.04559938683182,8.068674761189843e-14,6237.84259338801,392.4030400717222,0,-0.00024727825785224983,1.069527582348558e-11
111.48944022948348,6.870414361489644e-14,7881.469809077635,429.3588094243668,0,-0.0003771752177362538,1.2073275823485602e-11
124.33191668430845,3.013423141014484e-13,6228.603354942966,444.7532422144921,0,-3.4735216487050194e-06,1.3069275823485613e-11
102.5029972968367,4.1186168532272193e-13,5274.892611643678,424.63659314031287,0,6.39073834141527e-06,1.263127582348567e-11
1196.4897506541763,9.251369984510978e-13,15659.151179135644,1318.0966141043089,0,6.184439914515864e-08,3.266127582348593e-11
1259.6668116377004,1.219011961408073e-13,24006.378892288976,1324.625300793008,0,-0.0001663724353052413,3.159127582348552e-11
298.8814187176046,1.018039073379677e-12,7420.104827987861,612.6250507485001,0,4.9894445059476935e-06,1.941927582348597e-11
1817.0816515838035,9.347606548275552e-13,19483.028021906837,1779.004232949243,1,-8.416464899309638e-07,3.951927582348627e-11
123.69360082479854,8.89677575290925e-14,7923.8096026097,441.299252246468,0,-0.0002234198526436033,1.254327582348561e-11
2583.466929590027,1.046140863916042e-12,22997.575510101153,2346.989748641608,1,-8.545372783612797e-07,4.698727582348669e-11
250.04038784435934,1.1643643500258213e-12,6546.493993743479,571.7113464817836,0,5.4104952042776795e-06,1.8697275823486057e-11
114.30243369807215,1.630782439729616e-12,3970.512342295024,446.7168275239835,0,3.8598647894059915e-06,1.634527582348531e-11
1921.643697802664,1.2073025238753655e-12,19093.81528060324,1873.3170981985998,1,8.958296426820233e-08,4.120327582348648e-11
65.08399645089914,1.8159487953395344e-13,4998.056057242691,384.0692211034414,0,-2.651572073482312e-05,1.0549275823485576e-11
597.2812339867636,1.4919273244140946e-13,15860.126450859178,833.7681513588337,0,-0.00010299152251025654,2.2655275823485505e-11
485.02352788904096,2.818065163708275e-13,12584.166525295306,750.4562765658292,0,-2.292850140116034e-05,2.1051275823485532e-11
2291.43225562748,6.574129376170054e-14,36218.429238197954,2056.612629457576,1,-0.0005322054156289889,4.2355275823486045e-11
1752.0094800265315,2.4097712841138146e-13,24939.247214488987,1686.7416121348022,1,-4.583365871680922e-05,3.7305275823485795e-11
57.89791726958351,3.025775428507185e-13,4229.785179493132,377.31437462724824,0,4.984346386301754e-06,1.0525275823485572e-11
871.860955449119,2.2909735193601475e-13,17662.956266053618,1044.7707168697489,0,-4.53082770586518e-05,2.6885275823485438e-11
88.95355303643731,4.1859809663939975e-13,4890.74328245604,411.0262926977546,0,7.698277374155675e-06,1.2121275823485665e-11
1072.2645982122813,7.132429787866989e-14,24376.061667459144,1185.2563008266616,0,-0.00044613311772001937,2.9187275823485405e-11
2165.9377366136055,2.113541120902356e-13,28492.163448378466,1979.7292092268344,1,-6.069644258215799e-05,4.1379275823485996e-11
320.2203123882305,7.111827868887437e-14,13292.941270742396,611.9628920391364,0,-0.00040694108350892814,1.7437275823485594e-11
153.83310602672722,7.474939578186222e-14,9122.767472166774,469.02767566485846,0,-0.0003340711868858967,1.3409275823485623e-11
71.78626732122414,6.37200422849431e-14,6406.71793989228,389.8693282558286,0,-0.00040895411043347666,1.0593275823485578e-11
77.76493438863837,6.739019251648003e-13,4086.023937583534,401.421697806124,0,1.0138189734736267e-05,1.2403275823485816e-11
98.9985195956785,4.018581892479264e-13,5211.14348519672,421.03513392160073,0,6.293433683923919e-06,1.247127582348566e-11
2112.372624878611,1.8673347874929396e-13,28798.158866502064,1939.8058549078858,1,-7.704594308601025e-05,4.083127582348597e-11
314.84880503726214,8.489564028891288e-14,12770.458328956614,607.9256463871131,0,-0.0002871883751091771,1.7369275823485596e-11
2825.7625878325457,5.240992055770485e-13,27473.117839236205,2475.259027337639,1,-8.755243972067036e-06,4.795527582348644e-11
53.20462558550565,1.36080182284447e-12,2791.04008750366,377.86711304718784,0,3.124349021542053e-06,1.3175275823485839e-11
578.8235124825694,6.554887212945262e-13,11536.845615036988,835.1260629855468,0,3.124365520420457e-07,2.354327582348569e-11
2008.1584165956135,7.042766976594348e-13,21707.27340502226,1903.1542934878419,1,-3.343786966305636e-06,4.08852758234862e-11
194.99937437495316,2.2850585294511213e-13,8285.577198226947,508.7333361241133,0,-2.5592953426063067e-05,1.4931275823485632e-11
498.21294006190556,2.1490833682117975e-13,13474.191755397977,758.8886791679909,0,-4.526954995353991e-05,2.114927582348553e-11
57.14440758943626,1.1599828834061026e-13,5118.1368710016695,374.9728728927684,0,-9.758407540763935e-05,1.0055275823485569e-11
71.36362106978159,1.4063625696838184e-12,3226.424236468658,399.0118882467685,0,3.951048900054673e-06,1.4149275823485766e-11
1563.8345122763728,7.945856873655554e-13,18589.31668520283,1584.4266687047734,1,-1.60708300926196e-06,3.652727582348604e-11
1509.4523978074383,7.552025012304132e-13,18433.953656550362,1542.1780708491274,1,-1.9506232566820683e-06,3.5841275823485986e-11
676.5611000581762,6.241968021605925e-14,19792.074444225902,890.8655229605276,0,-0.0005570979477579364,2.3685275823485494e-11
2283.122631153848,5.022234694286224e-13,24786.26831746326,2086.162465602262,1,-9.258492998524132e-06,4.307327582348619e-11
171.94660526367014,2.4799651475215917e-13,7645.305664990727,488.3512302039422,0,-1.7757787605549752e-05,1.4347275823485634e-11
750.7928964014667,8.656686886789215e-13,12438.896332027876,976.0665293865285,0,1.1698657574282975e-06,2.6705275823485762e-11
96.04142850727509,5.107848812197599e-13,4859.57917323904,419.071140726107,0,8.972891220444501e-06,1.2625275823485728e-11
77.1648131691386,1.794538241070415e-13,5457.859699786626,396.67666303208335,0,-3.1189764474880334e-05,1.1087275823485583e-11
436.49830463512944,1.0263372587390772e-12,9025.33646475493,729.2736417863272,0,3.630412132920623e-06,2.211927582348593e-11
2796.803674203638,8.269409701288867e-14,38494.83427329183,2413.411295231781,1,-0.00035086329560318145,4.690727582348626e-11
89.51265740480181,9.718440036400459e-14,6628.189424947316,408.26870233215425,0,-0.00017093694486994962,1.134327582348559e-11
74.53904770471496,1.4550543420631405e-12,3269.6791947544402,402.83815141767326,0,3.731289768538568e-06,1.4391275823485675e-11
967.2130851350328,2.51956492602152e-13,18271.932940748073,1116.76624980725,0,-3.7724316366377594e-05,2.8221275823485412e-11
1204.5585918146555,1.0200643631922183e-13,24250.032733640022,1283.4682775130777,0,-0.00023091755514707243,3.087327582348549e-11
753.8338394798517,2.7995032933180595e-13,15763.16310227539,958.0392939920426,0,-2.7710037150176846e-05,2.528927582348546e-11
1057.89184930159,1.3142923073195609e-12,13638.22989128364,1229.1226596914887,0,1.4004780088053613e-06,3.194527582348585e-11
61.1075845265389,1.4366498107404316e-12,2955.38635102169,387.4794356817066,0,3.097225960610799e-06,1.3779275823485702e-11
106.61103438553957,4.682444742581787e-13,5227.907302029981,429.28168865097484,0,7.658128334527711e-06,1.2919275823485707e-11
52.0646779193964,1.4951259823314757e-12,2684.9378097679173,377.1040696822105,0,2.008466581450359e-06,1.3531275823485584e-11
128.64260864613848,1.7490453738415898e-13,7094.235802197239,447.22800485779726,0,-4.504461646758789e-05,1.2909275823485613e-11
2266.543733404575,7.767082019160285e-13,22700.255022880738,2095.61351069208,1,-2.5961688551522135e-06,4.352127582348637e-11
65.81550705822897,9.703580212864209e-13,3420.7584177191543,390.3417596896042,0,7.761893406785008e-06,1.2683275823485993e-11
706.7601214376392,7.71215426140032e-13,12355.296486552128,938.8183410381133,0,7.348672654083318e-07,2.583727582348572e-11
454.2449364757359,1.5951770406676698e-12,8320.405656496865,755.6793893976865,0,3.3523340638603433e-06,2.3931275823485252e-11
1493.390594336687,1.243552092695224e-12,16583.971191464985,1556.3680437468636,1,5.982712381784255e-07,3.687127582348623e-11
983.2957075167155,2.2530494924728373e-13,18836.28674901778,1127.470024109215,0,-4.816762979192592e-05,2.836127582348541e-11
131.21176038367452,5.062039192746189e-13,5709.082692246477,453.71374897443695,0,6.962570563810661e-06,1.3797275823485744e-11
335.35684077997905,1.7157396605415337e-13,11537.81181972531,627.0241936948736,0,-6.743294944246905e-05,1.7989275823485583e-11
1044.5133269656249,1.933337192398135e-13,20010.23839977762,1171.153092321628,0,-6.668460587799877e-05,2.9071275823485402e-11
265.2268335058,4.3987906569326053e-13,8430.994006898029,573.7475570229539,0,-3.1753149192941926e-07,1.7149275823485676e-11
86.80658803007582,5.369227099037078e-14,7257.516260764988,404.98102629350535,0,-0.0006038871452295661,1.1183275823485588e-11
70.06893396565779,2.3406790963688025e-13,4920.896619568103,389.80772281556887,0,-7.967405372090252e-06,1.091527582348558e-11
375.1341607995793,6.703411479909053e-14,14541.673692419146,656.5251097329487,0,-0.0004637679738231842,1.8563275823485576e-11
1431.0091134726133,1.735302671380333e-12,15151.00391007074,1533.2942071800894,1,1.0769965601722478e-06,3.74212758234853e-11
51.050405726209014,5.610425373588368e-14,5522.969957049189,367.76698660020395,0,-0.0005032264631139995,9.597275823485563e-12
140.53750485470965,2.985483491138534e-13,6639.9152024646155,460.09236678678286,0,-5.3126104076894475e-06,1.355127582348562e-11
2381.8935487348135,1.4732162975515001e-13,31993.438973719538,2127.42062843477,1,-0.00012149083260794871,4.3293275823486085e-11
1182.8526541738886,1.274927215615449e-13,23063.29073383917,1269.082661596496,0,-0.00015209243336651527,3.067527582348548e-11
2147.9908546604333,8.756824687740792e-13,21560.812769034215,2016.9400120009486,1,-1.5544138056269252e-06,4.261527582348638e-11
139.84889644351335,6.161656783961618e-14,8999.62789275759,455.9384977756253,0,-0.000488531436350018,1.2979275823485618e-11
622.0218310713578,1.1123675328907871e-13,17110.554322267933,851.3646993202238,0,-0.00018474547611544426,2.2927275823485505e-11
176.97254844908812,1.5078900690523697e-13,8577.99113181857,491.3067660715723,0,-7.492013910943877e-05,1.4265275823485635e-11
2732.7033474098976,7.05240653893509e-14,39107.35687456669,2367.2533399200147,1,-0.00046953315716310627,4.6333275823486237e-11
588.0987810398287,1.3024411263402614e-13,16149.43637427591,826.0241272824405,0,-0.00013479166332062747,2.244127582348551e-11
315.82643983445075,2.874279019544659e-13,10083.591333161177,613.5429588153249,0,-1.694673772982388e-05,1.7885275823485582e-11
2352.5424388514984,9.797922630782225e-14,34238.51903636415,2102.5797146659684,1,-0.0002569392691552686,4.294727582348607e-11
2539.1455715878164,1.7105742194768919e-12,20794.297428968912,2366.9552320499884,1,3.3492770361748636e-07,4.8173275823485865e-11
105.50357749510891,5.906950296599495e-14,7872.009322831229,423.4370960840188,0,-0.0005108787480788645,1.1865275823485598e-11
91.76146266158612,7.592647828972982e-14,7022.115822645816,410.22807245857183,0,-0.0002952573939314409,1.1415275823485591e-11
2015.4611924540777,7.383712777183583e-13,21549.23994231875,1910.8384839721818,1,-2.848843259269267e-06,4.1041275823486224e-11
54.810782393453664,1.9166222266363198e-13,4534.202176612853,373.08311766467045,0,-1.824904809966519e-05,1.0109275823485569e-11
2100.3184221821557,1.518225492643409e-13,29849.605425804075,1928.5780378799568,1,-0.00011406553148861774,4.0621275823485956e-11
2143.5995403144534,1.7009226517159366e-13,29526.957195093724,1960.6768505518676,1,-9.216286167709575e-05,4.108127582348598e-11
286.4025211909345,8.186223128690928e-14,12258.091439714766,584.2478668430138,0,-0.00030471053890732076,1.6751275823485606e-11
135.31676674158044,8.572166109853874e-13,5124.852929807793,461.32953090880704,0,7.936238050950671e-06,1.490327582348595e-11
77.92636840092985,1.829365634814465e-13,5463.429831901667,397.49584638311785,0,-2.9356252385783183e-05,1.1107275823485584e-11
585.6638131801164,2.2233029207636385e-13,14524.182993571823,827.3161795897199,0,-4.39134118535322e-05,2.2593275823485506e-11
2937.5534758171316,1.1978033893602251e-12,24034.409909090944,2617.884949947516,1,-5.007834614923695e-07,5.0347275823486925e-11
2920.8502778708776,6.474446275007076e-13,26859.64894588554,2554.681182076446,1,-5.102390376604003e-06,4.899527582348656e-11
1474.700662598227,1.5389980412529024e-12,15779.586554110765,1557.1489678825055,1,9.479925624239087e-07,3.739327582348568e-11
625.3118924772267,1.8441705046446865e-13,15578.176528690334,856.5592550176652,0,-6.705086975855991e-05,2.3167275823485496e-11
328.45811543002446,6.320862987346325e-14,13745.077018002474,618.4878387641895,0,-0.0005134398095776504,1.7639275823485592e-11
270.5367117767005,1.0441197224328087e-13,11391.584361056317,571.5035910771919,0,-0.00018529923412518033,1.643727582348561e-11
2708.8268769008146,1.5103241318420203e-12,22043.602202187347,2477.0466177826183,1,1.1342053579179335e-07,4.9171275823486304e-11
393.65953941676304,1.7793837882125368e-13,12419.595500891066,674.6350198927896,0,-6.494244506782171e-05,1.9177275823485564e-11
882.570424539753,9.610322186711384e-13,13239.333840329842,1081.1469404385318,0,1.0953845304151297e-06,2.8777275823485784e-11
417.6353724161294,1.285904562277212e-13,13625.858257136186,692.484831836156,0,-0.00013089923505977012,1.948127582348556e-11
247.69696349474427,3.7456227021258545e-13,8430.059585073679,557.4545756105531,0,-3.5924502914673107e-06,1.6607275823485644e-11
301.14663645343416,9.052068393956268e-13,7656.038782786206,612.7298146384712,0,4.905234848252061e-06,1.914127582348591e-11
183.148044666549,2.9571604159618856e-13,7607.174013780885,499.2132525632987,0,-8.944953553067256e-06,1.4785275823485633e-11
192.4532757317412,5.440377542454511e-14,10788.412604791076,503.191634541287,0,-0.0006520447863953267,1.443727582348564e-11
1123.6855005924824,1.0847798401265115e-13,23154.298152932246,1224.895621248695,0,-0.00020505295348718342,2.9911275823485444e-11
1239.17222819249,5.635038763655088e-14,27292.700218396567,1305.758452202558,0,-0.0006958348527127733,3.1249275823485503e-11
323.8145013313572,8.056127794231007e-13,8164.909540015834,630.4398952662849,0,4.353034725596792e-06,1.9343275823485847e-11
129.45934499362653,1.5268760399810121e-12,4319.022502182845,461.4728013295353,0,4.680914582028774e-06,1.6521275823485507e-11
1797.2142339488735,1.4696571628127068e-12,17724.1132552993,1796.6086599985397,1,5.872928282667946e-07,4.062727582348597e-11
362.425026152297,2.4249954271994907e-13,11195.348620587489,650.9459204912096,0,-2.995007080983962e-05,1.8715275823485568e-11
83.23476536149134,3.7163456586624665e-13,4856.39753274776,404.7365795056846,0,6.402596527825174e-06,1.1789275823485633e-11
181.53289060870094,1.2345464475185828e-12,5455.669316634355,509.5751715164038,0,5.9544377662962185e-06,1.7217275823486062e-11
63.99958616413982,2.8470122999571035e-13,4508.526450369964,383.7875187498173,0,2.0842881732302014e-06,1.0769275823485576e-11
1461.75235191413,1.1706583940299593e-12,16595.990256518417,1528.900497563916,1,4.903896786699289e-07,3.633327582348624e-11
216.1855216920159,1.5349081670081602e-13,9453.816231751118,526.0230175269995,0,-7.65284644621689e-05,1.528127582348563e-11
159.3342517529777,6.164090534489017e-13,6026.786290737213,481.6696340255395,0,7.0166711963038885e-06,1.4959275823485808e-11
343.3090534040429,6.133074630126207e-14,14125.927167016142,630.5593458260228,0,-0.0005469626704542387,1.7927275823485587e-11
239.2698988217684,2.660854886448888e-13,8903.341668595862,548.1918685912746,0,-1.7924921486335665e-05,1.610727582348561e-11
85.32045279653374,1.1477267782998631e-12,3745.491761284696,412.7544960298821,0,6.602058327063089e-06,1.3947275823486106e-11
846.2722130955938,3.896237227973522e-13,15636.153430704977,1032.1496092626494,0,-1.2349797394498694e-05,2.6897275823485486e-11
217.8126375096314,6.42047692786672e-13,7008.976204185324,535.4698979117575,0,5.4513855180542374e-06,1.6563275823485796e-11
1340.3153383603333,1.8895117148412086e-12,14366.633243858278,1470.5524956081927,1,1.1979536804961058e-06,3.6797275823484966e-11
100.94300918318878,3.879395487694114e-13,5304.303231337678,422.8430007203165,0,5.543654337351177e-06,1.2487275823485654e-11
69.05055848230081,7.379384360417034e-14,6121.809407504942,387.1538722989426,0,-0.0002961956378338688,1.0503275823485577e-11
479.7705202415106,8.416961160659166e-13,9912.555813400246,760.6355799760137,0,2.777878582145014e-06,2.236127582348582e-11
136.3286834621524,2.969404948192642e-13,6546.157732578977,456.108358349024,0,-5.1665710606075685e-06,1.344127582348562e-11
549.7983439199743,9.634876967022039e-14,16512.342962010593,795.2364454259498,0,-0.00023995362386830478,2.1739275823485525e-11
1080.6371549038267,1.3449544387575255e-12,13727.271572355732,1247.8089119268827,0,1.3845125130800645e-06,3.232927582348581e-11
68.52626514871379,1.6704513650129258e-13,5216.999350394007,387.56936018456264,0,-3.6915344895704086e-05,1.0663275823485576e-11
1019.4573881374819,4.4179467583504267e-13,16766.245685703158,1164.0884150866673,0,-9.49373041353799e-06,2.931127582348549e-11
277.2993122725733,1.996677819395197e-12,6038.114857633483,607.530914338532,0,3.3023573877232764e-06,2.1641275823484513e-11
229.15393912038164,3.08217876316811e-13,8446.871205577485,540.1711261930163,0,-9.76909873939044e-06,1.5959275823485617e-11
638.5507169972765,1.0905018584330511e-12,10868.513404921165,894.5418307364195,0,2.4464055401194373e-06,2.5603275823485905e-11
614.2941874412134,5.066244194182209e-14,19535.464374926178,842.9302733139037,0,-0.0008245246619193929,2.2713275823485508e-11
888.7714171036038,9.354692330467384e-14,21137.528566933674,1051.3060455315483,0,-0.0002657421958718286,2.682127582348544e-11
2220.7922618489697,1.3692139075809045e-12,20149.577530637067,2105.5560599415103,1,1.7522008714640864e-07,4.447527582348635e-11
172.8248036312447,1.9687053814482622e-13,8037.03213481362,488.34012717142696,0,-3.724410856387692e-05,1.4241275823485634e-11
80.21895480149726,3.53920392587155e-13,4818.421619403343,401.46304184313993,0,5.77255489877439e-06,1.1633275823485621e-11
521.4064908674083,5.894839941574765e-13,11184.484602067745,787.7986702185374,0,-2.9090346968374323e-07,2.2447275823485676e-11
1250.4842171753758,5.5569822468868476e-14,27481.108304098023,1313.8971216367288,0,-0.0007151998379442973,3.134327582348551e-11
2889.9712669241526,1.251923618913556e-12,23631.2306333542,2588.0336923196323,1,-3.521438160834783e-07,5.0071275823486845e-11
735.1583781311527,9.489271723840452e-14,19162.76884522421,936.5761560253591,0,-0.00025459741118382317,2.4629275823485475e-11
213.67844769301442,2.0381581233341382e-13,8881.678595455101,524.7781689343544,0,-3.747295428421148e-05,1.5333275823485626e-11
1826.0601991706121,5.665954814475868e-13,21555.217848820015,1761.8190441050574,1,-6.205113392572306e-06,3.8759275823486016e-11
525.0521383042625,6.419092606973046e-14,17343.84961168787,774.8418460168513,0,-0.0005191607370065486,2.1245275823485533e-11
1765.1615870827884,2.0118078735688332e-13,25916.20495672689,1693.469748191274,1,-6.574635208179276e-05,3.73672758234858e-11
663.0760733934595,1.7554263505083714e-12,9965.936008071463,931.8801783156475,0,2.455239503500567e-06,2.774327582348488e-11
79.09795725593352,5.278596978082715e-13,4368.4554462657825,401.732248321108,0,1.0127131736252335e-05,1.2027275823485728e-11
813.8064499907108,9.90007720013281e-14,20012.99799829183,995.7520658352694,0,-0.00023690753044478249,2.5805275823485457e-11
72.39493689123088,9.087310606819431e-13,3655.3025002893946,397.2245412753637,0,8.478278674076058e-06,1.2813275823485958e-11
175.14439256434588,8.73712642717104e-13,5829.439209132027,499.5028050813071,0,7.03401665518653e-06,1.6053275823485942e-11
1968.0277120070343,1.2942054906101175e-12,19081.28701609639,1913.2348269285817,1,2.259166425836495e-07,4.187527582348637e-11
62.96509452742838,1.6677628362226003e-12,2874.3272052031034,390.7577857792855,0,1.6661042765111891e-06,1.4517275823485265e-11
1782.9650675306898,1.7699738436980163e-13,26690.28899079672,1704.5483664332212,1,-8.443556174369803e-05,3.7521275823485806e-11
2198.2000060231726,9.5290251289356e-14,33249.472569416204,1993.4124012999089,1,-0.0002697587768939379,4.1481275823486e-11
53.71174649603876,3.148139800504053e-13,4037.25225496456,372.7891926242531,0,6.6565058420901145e-06,1.0349275823485577e-11
127.20046453163056,1.5786367676607433e-12,4240.232796459616,459.59531100694636,0,4.372936382284206e-06,1.6631275823485404e-11
88.35813652074339,9.786930916395336e-13,3976.1937127359383,414.8295250007731,0,7.969293853822427e-06,1.3633275823486013e-11
246.0517225942533,2.329407510005041e-13,9281.130407322493,553.4085458736474,0,-2.765661950742402e-05,1.6207275823485612e-11
257.8269270319149,1.2477766900413584e-13,10752.031394323234,561.226099261214,0,-0.00012670493449127562,1.6209275823485613e-11
409.6936370679868,1.3895959528465405e-12,8137.853423130851,714.0843339196527,0,3.7908202034344304e-06,2.2597275823485673e-11
211.6505666232663,5.31041457712369e-13,7208.825558227095,528.3298408385707,0,4.165603328875596e-06,1.6097275823485744e-11
150.04617080425535,6.796184786664021e-13,5712.915044698451,473.6370982277622,0,7.631858068965217e-06,1.483727582348585e-11
199.5877269755873,1.3763075245289513e-12,5578.898375865852,528.1489873168001,0,5.329018642701157e-06,1.8067275823485774e-11
297.66672994314285,7.212734334912944e-14,12783.698770103827,593.3626809254984,0,-0.000392664322558536,1.69932758234856e-11
1062.4526344492563,1.0019167837254215e-13,22837.79347844407,1179.6593561751051,0,-0.00023690207704398912,2.9111275823485406e-11
69.67625896898576,2.0544334271273898e-13,5042.687187022297,389.13604476379345,0,-1.6734049505754445e-05,1.0843275823485579e-11
262.3402729795181,8.603688965139354e-14,11624.789932832522,564.1490844900873,0,-0.000272511160597469,1.6227275823485615e-11
193.6309769112456,2.934458633589252e-13,7837.198487633476,508.581748257361,0,-9.983257459512449e-06,1.5071275823485628e-11
127.0287509189161,1.9003776852948984e-12,4023.0152831394107,461.9209391124042,0,2.719837271148712e-06,1.7513275823484766e-11
450.4598460211268,1.1691753625820267e-13,14411.511759224823,718.2247948727268,0,-0.00016044883743756942,2.006127582348555e-11
70.98481300641743,1.7385114814575853e-12,3025.755677498556,400.35297272401925,0,1.703732665182866e-06,1.5041275823485122e-11
1155.8358896334985,1.0593299928122792e-13,23587.913059820003,1248.2181458582018,0,-0.000214914506734361,3.029527582348546e-11
56.42165119821106,1.0310754628196713e-12,3107.8963628709303,380.0360534599802,0,6.704065249539734e-06,1.2447275823486023e-11
447.78303257090425,1.5810778515872539e-13,13563.093571685778,717.353870940701,0,-8.645661409440585e-05,2.010927582348555e-11
1987.948384127938,6.021688208221263e-13,22263.07431305099,1881.3560978786559,1,-5.408677393964338e-06,4.042327582348612e-11
59.6617545316067,8.986472722690116e-14,5488.352115702037,377.4264368139299,0,-0.00018409706834522825,1.009927582348557e-11
307.3625252169523,2.557154551589565e-13,10188.92946477812,605.7887537220553,0,-2.3818724102310228e-05,1.759527582348559e-11
1846.3962498182461,1.7589279496314682e-13,27200.19768907203,1749.7572312089121,1,-8.5645022626096e-05,3.816527582348584e-11
66.51801034935568,1.5902790309044467e-12,3001.036225498902,394.4828508719935,0,2.335571240706287e-06,1.4451275823485414e-11
84.39576923946298,3.2704353306935135e-13,5030.452464704543,405.5259967822685,0,3.429173331356423e-06,1.1723275823485606e-11
565.813777884222,1.7971598964776678e-12,9100.317735001057,853.097330717768,0,2.7334412557218984e-06,2.639327582348482e-11
282.34314077678846,3.771379757431037e-13,8996.831526760392,587.2109747695745,0,-4.6194175677209666e-06,1.7373275823485633e-11
206.48859441404645,3.3447396352245603e-13,7874.865232129706,520.6865350680322,0,-5.3747161543243996e-06,1.546727582348564e-11
2879.2480403860304,6.054519730511578e-13,26996.829143776333,2521.010622590024,1,-6.084817081628447e-06,4.854327582348651e-11
1875.7791583618762,1.1888400230887358e-12,18904.701582346155,1838.1970251900466,1,8.516327466402159e-08,4.069327582348646e-11
84.6939691612151,8.337647410315318e-13,4051.218610068192,409.9204296020937,0,9.047805877044538e-06,1.3063275823485918e-11
51.42332131293524,4.816847791940799e-13,3585.0209497013234,371.3034906903997,0,1.1579868570504176e-05,1.0701275823485681e-11
157.6256870370067,1.6138656283093024e-12,4723.095833764455,490.3357447155538,0,4.455490930166551e-06,1.764327582348532e-11
675.3687180332225,3.298459189256907e-13,14418.459130837018,900.0510532343862,0,-1.7516519850843653e-05,2.4289275823485493e-11
95.19293189748636,1.642637541860317e-13,6174.675862535901,414.73155446764923,0,-4.65766803773784e-05,1.1745275823485594e-11
164.5434754162347,2.8968722848541413e-13,7237.383686568123,482.2269508286988,0,-8.560081227063083e-06,1.4249275823485631e-11
204.8091354511828,8.780210694625701e-14,10228.844946790226,514.7749151965866,0,-0.00025184728715787677,1.4837275823485637e-11
68.00041827546627,3.5221164622144387e-13,4436.646584151889,388.6059210763119,0,7.077972708198706e-06,1.1123275823485611e-11
905.3633379220189,1.8228338249414733e-12,11693.235075329943,1128.1447413671108,0,1.8463072656162237e-06,3.134727582348483e-11
60.37353856754675,1.8075023740651042e-12,2743.3953195569657,388.37134506910286,0,8.86910381221306e-07,1.480527582348499e-11
184.05370026790436,5.481348258084595e-14,10536.43642161014,495.7805915961604,0,-0.0006393687789696674,1.4239275823485638e-11
52.3964577050619,1.4800307866023979e-13,4671.5936403559,370.0781439184847,0,-4.700444672223329e-05,9.899275823485565e-12
491.1899372184679,4.2506723190941935e-13,11629.426949947714,759.337263669607,0,-5.914983751773914e-06,2.1511275823485595e-11
112.87609544739762,4.764820308412369e-13,5360.807365582451,435.5610998848253,0,7.432538875724752e-06,1.3169275823485716e-11
285.2426759821429,7.805331410577204e-14,12338.006601083707,583.1797209260611,0,-0.00033439980569755217,1.6729275823485605e-11
514.5183568463204,9.19004560870432e-13,10081.362507850585,790.6458413581797,0,2.7974783491552425e-06,2.317527582348585e-11
399.9269617041341,1.6344086022470616e-13,12729.376886237058,679.2853204470262,0,-7.851075957428051e-05,1.9241275823485563e-11
1682.7872133841158,5.156226997764643e-14,32301.56309615741,1623.969768706756,1,-0.0008305710433512627,3.6219275823485746e-11
950.9166327139131,1.248288546868922e-13,20739.723270465547,1098.8195559763187,0,-0.00015513677852536738,2.7709275823485424e-11
855.6336795729909,9.228428966525853e-14,20788.21681436787,1026.6276425242045,0,-0.00027187759788020163,2.636327582348545e-11
82.80950831042692,2.23923208941655e-13,5402.8618743487705,402.91233784375424,0,-1.3291186345758946e-05,1.1403275823485588e-11
2434.0478180035598,9.438956041259506e-13,22713.164909079413,2230.0874045916394,1,-1.2913742364203837e-06,4.5423275823486553e-11
377.9014322404397,1.197082805614078e-13,13134.236079928682,660.3198149891048,0,-0.00014861643974220916,1.8729275823485572e-11
2840.211095960057,2.497667500058587e-13,31704.821575332437,2459.5987784706294,1,-4.449714813945307e-05,4.755927582348629e-11
1120.1796546701828,7.635972725542584e-13,15736.725596198437,1253.5894086930914,0,-9.898287767573648e-07,3.134127582348577e-11
53.8703061718188,6.131523003323837e-13,3465.0606264679873,374.8525025318866,0,1.1096735472256761e-05,1.118927582348576e-11
499.41565245824586,3.96410108750601e-13,11901.64974043397,765.084249234154,0,-8.013517323528151e-06,2.1589275823485576e-11
332.05712055298926,5.863957612011995e-14,14000.567291419022,621.2903966647331,0,-0.0005948483145997689,1.766127582348559e-11
2454.5678603888364,1.0521200198276684e-13,34537.8482750821,2175.0897633417353,1,-0.00022577693482840792,4.3891275823486116e-11
156.36309838169703,8.411414909487434e-14,9003.75555952113,471.5056193488737,0,-0.00026270194456822957,1.3515275823485624e-11
329.7304211145484,1.2685427150885728e-12,7415.37972352783,643.4910464401572,0,4.490882900061714e-06,2.072127582348594e-11
202.03667447913153,1.5608708807421325e-13,9107.020474706671,513.678451325916,0,-7.201303793245232e-05,1.4947275823485634e-11
2688.8180783779803,1.5533088122078317e-12,21841.88027124267,2465.756380113895,1,1.6238973597584917e-07,4.907927582348621e-11
174.26085885737064,2.0908049353038267e-13,7972.413523357857,489.8340753739489,0,-3.139560053392198e-05,1.4315275823485634e-11
612.0612703698811,1.2631381631483732e-12,10287.009120321964,877.9423126446056,0,2.733432395762663e-06,2.5639275823485868e-11
235.89004109884118,3.4732502459717385e-13,8357.405835497428,546.7266817194438,0,-5.470517468401574e-06,1.6243275823485636e-11
208.7932688048665,1.6255914158083944e-12,5473.855602070234,539.6023856947404,0,4.452381124696947e-06,1.9013275823485275e-11
1331.5884549315367,8.552353178177417e-13,16833.05222908246,1415.7925015511335,1,-6.674166777785755e-07,3.409127582348596e-11
972.7748575549833,1.0424060041205303e-12,13697.399499160612,1153.3667863506764,0,1.1004028586483428e-06,3.016527582348588e-11
899.6073240775356,2.0237507885078228e-13,18388.104064962565,1064.3064045334945,0,-5.925249274436059e-05,2.717527582348543e-11
910.8250853117719,6.057814492522831e-14,23097.049593670068,1065.9346788093496,0,-0.0006000133678640037,2.7073275823485435e-11
1037.4707362504669,1.7246286997786968e-12,12740.408818231754,1228.7279475620546,0,1.6111856490666677e-06,3.28072758234851e-11
243.013583227204,6.619986655857388e-14,11723.102292636338,547.2592263542407,0,-0.0004540994804082859,1.5757275823485622e-11
355.7576371520219,3.3782668387840465e-13,10356.339650964728,647.7322089082186,0,-1.0637032955595198e-05,1.8787275823485588e-11
457.343559239536,8.508409287366002e-14,15396.41927550441,722.6359738379618,0,-0.00029882898983960005,2.0121275823485548e-11
1743.8163552404346,1.0125643948737343e-12,18764.676668197066,1729.831928782937,1,-3.6441541462454907e-07,3.8935275823486285e-11
351.86444576494654,4.789840711785451e-13,9560.940255937609,647.6262542080722,0,-8.760249444786138e-07,1.9083275823485665e-11
58.64979458950408,1.1574975244159926e-12,3073.2845566879046,383.24695986354857,0,5.482968065249865e-06,1.2905275823486094e-11
118.91127868472347,1.4358667854069693e-13,7091.936772483183,437.54971753066593,0,-7.369067807362167e-05,1.2521275823485607e-11
2056.6574779133502,5.766281387195151e-13,22853.53376294511,1929.120994109147,1,-6.211304330115063e-06,4.1069275823486135e-11
683.7049139288911,6.242080542710112e-13,12704.402332905995,916.2463851936101,0,-1.0037837320508265e-06,2.5105275823485646e-11
2633.046259562344,1.0264302810991883e-13,35944.35954611841,2300.39931676465,1,-0.0002367359622165435,4.5525275823486194e-11
198.66765565707703,8.250981146073861e-14,10188.506332940817,509.2804901690016,0,-0.0002844750914309944,1.465527582348564e-11
60.116524049235174,5.537726952228538e-14,6007.390925761081,377.5407565570494,0,-0.0005330679235206751,1.004327582348557e-11
151.80023329195635,9.105616967783137e-14,8742.830006187254,467.46309038164026,0,-0.00022132389143455385,1.3407275823485624e-11
702.2895816014959,1.2840118995171058e-12,11023.758262684922,950.6541384528815,0,2.370389908376389e-06,2.7065275823485803e-11
1221.0559926854612,7.712827552111617e-14,25668.337915279386,1293.9970606501327,0,-0.00038806573812618007,3.10232758234855e-11
666.579854729583,4.911417269538045e-13,13189.581938006928,898.6991393274515,0,-4.599422432592359e-06,2.4507275823485582e-11
147.2142081926731,3.651748693002582e-13,6509.007672336401,467.21627693341134,0,7.682171946613341e-07,1.3951275823485663e-11
1371.1032835530716,7.211583111622502e-13,17693.455627999112,1438.2874977895879,1,-2.1196510288117282e-06,3.4187275823485885e-11
61.78717610360146,9.756675614535711e-13,3305.909350149573,385.85436076164626,0,7.571314416620683e-06,1.2515275823485993e-11
76.38592687222855,1.1513862535636878e-13,5927.95092816462,395.1998607300101,0,-0.00010970301853356355,1.0901275823485582e-11
2496.1441988683073,6.837694209658538e-14,37563.04171113985,2200.9722623900852,1,-0.0004958316418016516,4.4221275823486136e-11
1716.9894934812312,2.1614423184270525e-13,25205.88399047942,1659.981678326476,1,-5.68841105912452e-05,3.685727582348578e-11
1287.9460487788053,1.7017887276236213e-13,22802.535172350832,1347.86408600908,1,-8.828685013369775e-05,3.203127582348554e-11
742.9439371372814,1.139446608308611e-13,18628.20650532029,943.2488773370818,0,-0.00018004102364858806,2.4793275823485473e-11
254.79980470091746,9.367931883277706e-13,6963.643554317523,572.6980503173929,0,5.5868122610764286e-06,1.8231275823485943e-11
1301.0400812653575,1.209077944703673e-13,24438.356785749274,1354.5645220112244,1,-0.00016935625952586581,3.208527582348555e-11
632.460311049648,4.630480756836531e-13,12998.433117179142,871.3661800056964,0,-5.547973455536727e-06,2.393927582348558e-11
1633.6182890623934,1.464498849104402e-12,16843.920357818326,1673.4290694787553,1,7.28059227876734e-07,3.8897275823485894e-11
539.0940668206965,2.861665151158316e-13,13235.991184041293,793.1248595470372,0,-2.3092970782124462e-05,2.1977275823485515e-11
103.6079734223164,1.6920840560442888e-12,3729.535097313647,435.9098975461399,0,3.2405240154017737e-06,1.6163275823485192e-11
1525.2529749613047,1.4578352087614255e-13,25576.889558816634,1517.8262719029997,1,-0.00012054352326417967,3.468527582348567e-11
509.8970068323661,9.222829039254537e-14,16025.897490399364,764.0925349882812,0,-0.00025908693900746424,2.1063275823485535e-11
561.7661586483234,4.160158681207728e-13,12511.113773160392,814.792410200199,0,-7.475875319199732e-06,2.270727582348557e-11
203.82639412363574,4.286518688260905e-13,7414.73506267949,519.7987467354039,0,1.3536677263842263e-06,1.568127582348569e-11
2422.843016469172,1.6201527675833988e-13,31708.31403395349,2157.550237342453,1,-0.00010163728028425635,4.36832758234861e-11
1575.5343543632237,1.1877840677248703e-13,27005.66427206145,1552.203612382459,1,-0.0001771780135042104,3.51732758234857e-11
372.0252745145648,3.8563328894774724e-13,10303.145383817891,662.1930356631786,0,-6.433250131688438e-06,1.922327582348561e-11
542.8828724452082,5.496125251395693e-13,11591.499601315589,803.7588130346251,0,-1.4535966574180876e-06,2.2707275823485647e-11
943.4355612280957,5.422972219107722e-13,15448.215231787404,1111.4548941534656,0,-4.544572777903174e-06,2.8563275823485545e-11
107.75049996016448,1.5925934968329403e-13,6612.247042443516,427.0034374670091,0,-5.3907377209459405e-05,1.2165275823485601e-11
73.24117058264639,4.851183931175277e-13,4284.016920521113,395.2147202035374,0,1.0168436649683228e-05,1.1671275823485698e-11
56.92970495763677,8.867191584727e-13,3249.05845448337,379.85794527033727,0,8.363414695599464e-06,1.2031275823485933e-11
268.6878029622673,5.3910061970606325e-14,12772.187333607682,568.6506999114293,0,-0.0006872123742843588,1.6283275823485614e-11
1599.2088824838797,2.729289651366292e-13,23237.23809635642,1579.0184627436292,1,-3.4947747764044595e-05,3.5747275823485716e-11
109.08265665076263,7.904790443954666e-14,7602.386636331861,427.20224056793415,0,-0.00028004104618768055,1.2035275823485602e-11
303.40007039563096,1.0766340454511477e-13,11998.550786833968,599.0501441397398,0,-0.0001777390777071742,1.7205275823485597e-11
1723.870460430202,8.098712072338755e-14,30271.807524612308,1655.679404381338,1,-0.00036035906555502705,3.669527582348577e-11
384.0173999476317,8.677557329098489e-14,14053.095554101967,664.2951958440588,0,-0.00028195678804323856,1.8781275823485572e-11
137.96763953967067,7.002132088345924e-14,8739.272940477289,454.34848036362655,0,-0.00037535513110806566,1.2931275823485616e-11
1419.7210982603544,1.1224789785272834e-12,16479.35468937143,1494.9658243993115,1,4.284790176582718e-07,3.5745275823486184e-11
2195.132994074927,5.120760289652833e-14,36957.70830174605,1987.1735915123165,1,-0.0008462275812101896,4.1417275823486e-11
1542.0526302227363,1.054366329873168e-12,17437.603186621607,1582.7250884927153,1,4.5062201303972574e-08,3.688727582348621e-11
169.1549177535111,1.5673314559511299e-12,4941.908134661236,501.15645192900473,0,4.694794960415795e-06,1.7813275823485407e-11
551.9532160382215,7.800262973520544e-13,10840.45276206868,817.1921802203217,0,1.8253939937669765e-06,2.3441275823485766e-11
722.3982583414615,1.3803973615723087e-13,17717.23411013746,928.731612295224,0,-0.00012363081058468746,2.453927582348548e-11
62.11399824799975,1.4024795220650406e-12,3001.5222615487196,388.47264762862966,0,3.4363999911405773e-06,1.3725275823485767e-11
121.00347969479688,1.7843896774937743e-12,3990.618330715123,454.81369869388914,0,3.163733036275151e-06,1.7017275823485e-11
771.0435177559242,5.2663768231183675e-14,21753.046404084642,961.5054154159628,0,-0.0007752649416967724,2.507527582348547e-11
1091.1188976992005,1.1382417300081771e-12,14288.552871247914,1247.5408848017853,0,1.0552253724452765e-06,3.193927582348601e-11
256.8557645910453,5.504817104843915e-13,7895.472767970999,568.4336949965051,0,3.2463565192961218e-06,1.7263275823485736e-11
274.52619043943616,3.4420254775902257e-13,9043.505380990213,579.9233515791918,0,-7.3308109410713845e-06,1.712527582348562e-11
81.41748444926668,2.103361262447736e-13,5427.188972436914,401.3531622672002,0,-1.7554318270636274e-05,1.1323275823485587e-11
926.9571938364188,1.653540007892175e-12,12097.521260422316,1139.610710902676,0,1.8207518499039094e-06,3.118127582348515e-11
2754.1441906709997,1.7661931440771988e-12,21620.628490229796,2531.4731164968616,1,2.850378643273376e-07,5.015727582348585e-11
2332.475980606092,1.8796775946661846e-13,30249.899226652193,2095.8590476987815,1,-7.664744931785653e-05,4.293727582348607e-11
1101.684529348872,8.939989666755575e-13,15100.610745461167,1245.3508002890685,0,1.1079413841328343e-07,3.142327582348585e-11
222.50817529345917,1.330522895173762e-13,9862.140704125402,531.1146072842915,0,-0.00010652881910735372,1.5409275823485626e-11
1401.372372658885,1.842566836819985e-12,14796.931112586555,1515.5244051656457,1,1.12801654093537e-06,3.736527582348509e-11
169.50022780337682,7.428460103246608e-13,5956.834737712433,492.68772901989536,0,7.186542218440019e-06,1.5567275823485873e-11
605.3396309905282,1.1024466454522357e-13,16905.941426086116,838.5448941939146,0,-0.0001873671154723642,2.2671275823485507e-11
1865.5263770486413,1.44794657079287e-13,28358.113968115875,1761.19499955058,1,-0.00012379297587070695,3.8279275823485846e-11
2621.3282427562526,7.615641770913801e-14,37793.21318218102,2289.6874893677295,1,-0.00040757849532520974,4.536727582348619e-11
395.070517447783,2.3642810683906326e-13,11754.947156698185,677.319649894789,0,-3.316126366583902e-05,1.932927582348556e-11
91.48512010455764,4.974885253983665e-13,4769.654161929273,414.31379182146964,0,9.098550065138436e-06,1.2445275823485717e-11
870.4891191161454,2.6934972619706e-13,17090.95099068253,1045.4471238457952,0,-3.161031880891977e-05,2.6927275823485433e-11
1380.3716896948679,7.873717381950284e-14,27202.46821863952,1409.3181403779734,1,-0.0003756270447668651,3.293327582348559e-11
